date,value,n_days_observed,n_days_missing
1963-08-01,23.535621,29,2
1963-09-01,38.982,30,0
1963-10-01,33.975484,31,0
1963-11-01,7.241154,13,17
1963-12-01,,0,31
1964-01-01,,0,31
1964-02-01,0.271217,23,6
1964-03-01,0.145677,31,0
1964-04-01,0.037333,30,0
1964-05-01,0.007042,24,7
1964-06-01,14.690367,30,0
1964-07-01,34.579774,31,0
1964-08-01,74.545613,31,0
1964-09-01,98.301833,30,0
1964-10-01,65.098645,31,0
1964-11-01,9.5349,30,0
1964-12-01,3.148581,31,0
1965-01-01,1.201387,31,0
1965-02-01,0.357143,28,0
1965-03-01,0.147355,31,0
1965-04-01,0.080091,11,19
1965-05-01,,0,31
1965-06-01,37.906933,15,15
1965-07-01,63.807516,31,0
1965-08-01,77.109581,31,0
1965-09-01,94.844667,30,0
1965-10-01,44.639645,31,0
1965-11-01,5.877533,30,0
1965-12-01,2.124323,31,0
1966-01-01,0.871032,31,0
1966-02-01,0.345464,28,0
1966-03-01,0.168581,31,0
1966-04-01,0.088167,30,0
1966-05-01,1.016056,18,13
1966-06-01,41.281967,30,0
1966-07-01,20.01171,31,0
1966-08-01,44.501065,31,0
1966-09-01,92.048467,30,0
1966-10-01,79.160806,31,0
1966-11-01,11.122067,30,0
1966-12-01,2.89871,31,0
1967-01-01,0.944581,31,0
1967-02-01,0.279429,28,0
1967-03-01,0.081903,31,0
1967-04-01,0.056067,30,0
1967-05-01,0.020944,18,13
1967-06-01,5.997444,9,21
1967-07-01,34.931935,31,0
1967-08-01,66.868613,31,0
1967-09-01,93.567967,30,0
1967-10-01,58.092,31,0
1967-11-01,5.781933,30,0
1967-12-01,1.402,31,0
1968-01-01,0.508742,31,0
1968-02-01,0.160586,29,0
1968-03-01,0.024613,31,0
1968-04-01,0.0342,30,0
1968-05-01,8.785,31,0
1968-06-01,33.608167,30,0
1968-07-01,56.904613,31,0
1968-08-01,76.854323,31,0
1968-09-01,83.619133,30,0
1968-10-01,17.420839,31,0
1968-11-01,2.576367,30,0
1968-12-01,0.832452,31,0
1969-01-01,0.355194,31,0
1969-02-01,0.174833,24,4
1969-03-01,0.151,2,29
1969-04-01,0.89475,8,22
1969-05-01,4.121579,19,12
1969-06-01,14.419767,30,0
1969-07-01,54.774968,31,0
1969-08-01,83.014161,31,0
1969-09-01,98.1253,30,0
1969-10-01,63.671613,31,0
1969-11-01,11.297067,30,0
1969-12-01,2.38729,31,0
1970-01-01,0.726968,31,0
1970-02-01,0.295357,28,0
1970-03-01,0.1855,8,23
1970-04-01,,0,30
1970-05-01,,0,31
1970-06-01,8.630767,30,0
1970-07-01,32.814194,31,0
1970-08-01,85.832226,31,0
1970-09-01,107.0899,30,0
1970-10-01,52.966161,31,0
1970-11-01,5.918233,30,0
1970-12-01,1.732935,31,0
1971-01-01,0.643387,31,0
1971-02-01,0.307542,24,4
1971-03-01,0.134611,18,13
1971-04-01,,0,30
1971-05-01,,0,31
1971-06-01,5.576,26,4
1971-07-01,28.114548,31,0
1971-08-01,63.163516,31,0
1971-09-01,105.05,30,0
1971-10-01,49.646613,31,0
1971-11-01,3.7315,30,0
1971-12-01,0.683065,31,0
1972-01-01,0.246032,31,0
1972-02-01,0.05631,29,0
1972-03-01,0.0095,6,25
1972-04-01,,0,30
1972-05-01,5.717077,13,18
1972-06-01,21.123767,30,0
1972-07-01,28.010452,31,0
1972-08-01,50.86971,31,0
1972-09-01,76.670167,30,0
1972-10-01,12.032387,31,0
1972-11-01,1.297833,30,0
1972-12-01,0.313774,31,0
1973-01-01,0.105452,31,0
1973-02-01,0.0178,5,23
1973-03-01,,0,31
1973-04-01,,0,30
1973-05-01,,0,31
1973-06-01,8.867,1,29
1973-07-01,43.287871,31,0
1973-08-01,78.60871,31,0
1973-09-01,54.730133,30,0
1973-10-01,11.604,31,0
1973-11-01,2.2367,30,0
1973-12-01,2.042667,21,10
1974-01-01,0.826032,31,0
1974-02-01,0.213,8,20
1974-03-01,,0,31
1974-04-01,,0,30
1974-05-01,9.439462,13,18
1974-06-01,1.864286,7,23
1974-07-01,34.59629,31,0
1974-08-01,74.107903,31,0
1974-09-01,84.727767,30,0
1974-10-01,40.127613,31,0
1974-11-01,2.419733,30,0
1974-12-01,0.57235,20,11
1975-01-01,0.040323,31,0
1975-02-01,0.0,19,9
1975-03-01,,0,31
1975-04-01,,0,30
1975-05-01,4.40725,8,23
1975-06-01,8.5503,30,0
1975-07-01,26.023935,31,0
1975-08-01,49.349,31,0
1975-09-01,82.941133,30,0
1975-10-01,24.568903,31,0
1975-11-01,3.783423,26,4
1975-12-01,0.189048,21,10
1976-01-01,0.157231,26,5
1976-02-01,0.031483,29,0
1976-03-01,0.0,2,29
1976-04-01,,0,30
1976-05-01,,0,31
1976-06-01,17.441833,6,24
1976-07-01,21.527935,31,0
1976-08-01,29.9195,4,27
1976-09-01,17.54412,25,5
1976-10-01,7.497903,31,0
1976-11-01,2.929704,27,3
1976-12-01,0.0,16,15
1977-01-01,0.0,31,0
1977-02-01,0.0,28,0
1977-03-01,0.001452,31,0
1977-04-01,0.0704,30,0
1977-05-01,0.01271,31,0
1977-06-01,10.146467,30,0
1977-07-01,16.226258,31,0
1977-08-01,32.640677,31,0
1977-09-01,78.1062,30,0
1977-10-01,40.724323,31,0
1977-11-01,6.964567,30,0
1977-12-01,7.148,31,0
1978-01-01,5.424613,31,0
1978-02-01,5.379286,28,0
1978-03-01,5.29229,31,0
1978-04-01,6.397933,30,0
1978-05-01,11.555548,31,0
1978-06-01,34.007633,30,0
1978-07-01,45.545645,31,0
1978-08-01,66.030161,31,0
1978-09-01,71.898867,30,0
1978-10-01,27.168871,31,0
1978-11-01,7.716467,30,0
1978-12-01,6.315097,31,0
1979-01-01,8.058226,31,0
1979-02-01,6.3655,28,0
1979-03-01,4.409548,31,0
1979-04-01,2.3516,30,0
1979-05-01,3.112581,31,0
1979-06-01,24.988233,30,0
1979-07-01,41.371161,31,0
1979-08-01,60.076516,31,0
1979-09-01,71.741033,30,0
1979-10-01,44.523871,31,0
1979-11-01,10.5148,30,0
1979-12-01,7.014645,31,0
1980-01-01,7.149065,31,0
1980-02-01,8.825621,29,0
1980-03-01,6.752323,31,0
1980-04-01,6.891067,30,0
1980-05-01,11.873871,31,0
1980-06-01,21.1991,30,0
1980-07-01,22.117774,31,0
1980-08-01,34.700129,31,0
1980-09-01,48.187733,30,0
1980-10-01,11.937323,31,0
1980-11-01,6.763467,30,0
1980-12-01,10.415355,31,0
1981-01-01,10.228903,31,0
1981-02-01,9.349464,28,0
1981-03-01,9.042194,31,0
1981-04-01,11.897367,30,0
1981-05-01,18.250613,31,0
1981-06-01,17.335767,30,0
1981-07-01,29.578097,31,0
1981-08-01,45.788355,31,0
1981-09-01,52.702833,30,0
1981-10-01,16.567935,31,0
1981-11-01,11.645967,30,0
1981-12-01,7.76229,31,0
1982-01-01,10.228323,31,0
1982-02-01,9.415643,28,0
1982-03-01,9.516419,31,0
1982-04-01,15.645733,30,0
1982-05-01,8.21571,31,0
1982-06-01,20.968567,30,0
1982-07-01,29.550484,31,0
1982-08-01,31.412548,31,0
1982-09-01,34.561267,30,0
1982-10-01,13.67771,31,0
1982-11-01,2.434533,30,0
1982-12-01,3.952645,31,0
1983-01-01,1.450645,31,0
1983-02-01,3.557393,28,0
1983-03-01,3.425194,31,0
1983-04-01,2.4302,30,0
1983-05-01,4.407226,31,0
1983-06-01,12.605033,30,0
1983-07-01,25.69971,31,0
1983-08-01,36.320516,31,0
1983-09-01,41.295633,30,0
1983-10-01,4.387258,31,0
1983-11-01,4.308167,30,0
1983-12-01,5.036452,31,0
1984-01-01,5.283,31,0
1984-02-01,5.72669,29,0
1984-03-01,3.701097,31,0
1984-04-01,5.1739,30,0
1984-05-01,13.227032,31,0
1984-06-01,13.737833,30,0
1984-07-01,17.294194,31,0
1984-08-01,24.439387,31,0
1984-09-01,16.806733,30,0
1984-10-01,7.583935,31,0
1984-11-01,1.364567,30,0
1984-12-01,1.241429,21,10
1985-01-01,2.453278,18,13
1985-02-01,2.027714,28,0
1985-03-01,0.019742,31,0
1985-04-01,2.643917,24,6
1985-05-01,0.923133,15,16
1985-06-01,14.700926,27,3
1985-07-01,39.749387,31,0
1985-08-01,58.128516,31,0
1985-09-01,49.212067,30,0
1985-10-01,3.921581,31,0
1985-11-01,1.177067,30,0
1985-12-01,0.185194,31,0
1986-01-01,3.548935,31,0
1986-02-01,2.703214,28,0
1986-03-01,1.21729,31,0
1986-04-01,0.653967,30,0
1986-05-01,0.0,3,28
1986-06-01,9.287143,14,16
1986-07-01,19.925935,31,0
1986-08-01,46.624161,31,0
1986-09-01,49.677233,30,0
1986-10-01,23.973968,31,0
1986-11-01,6.5021,30,0
1986-12-01,5.479806,31,0
1987-01-01,3.985871,31,0
1987-02-01,3.961393,28,0
1987-03-01,2.616161,31,0
1987-04-01,3.189,30,0
1987-05-01,4.428839,31,0
1987-06-01,16.573233,30,0
1987-07-01,24.343097,31,0
1987-08-01,47.151,31,0
1987-09-01,35.300933,30,0
1987-10-01,10.037419,31,0
1987-11-01,7.409867,30,0
1987-12-01,6.162129,31,0
1988-01-01,3.309,31,0
1988-02-01,2.271103,29,0
1988-03-01,0.979226,31,0
1988-04-01,1.132167,30,0
1988-05-01,0.369607,28,3
1988-06-01,3.462966,29,1
1988-07-01,23.210129,31,0
1988-08-01,52.047032,31,0
1988-09-01,95.685733,30,0
1988-10-01,59.120226,31,0
1988-11-01,16.810667,30,0
1988-12-01,7.261548,31,0
1989-01-01,3.223903,31,0
1989-02-01,3.577893,28,0
1989-03-01,2.544323,31,0
1989-04-01,3.683667,30,0
1989-05-01,7.407806,31,0
1989-06-01,10.735767,30,0
1989-07-01,28.461484,31,0
1989-08-01,58.17629,31,0
1989-09-01,68.126433,30,0
1989-10-01,43.683258,31,0
1989-11-01,9.547333,30,0
1989-12-01,6.886548,31,0
1990-01-01,3.541419,31,0
1990-02-01,2.965071,28,0
1990-03-01,3.473516,31,0
1990-04-01,5.5643,30,0
1990-05-01,9.400806,31,0
1990-06-01,5.133867,30,0
1990-07-01,48.311839,31,0
1990-08-01,43.179258,31,0
1990-09-01,29.299833,30,0
1990-10-01,9.160667,15,16
1990-11-01,8.850167,30,0
1990-12-01,6.288452,31,0
1991-01-01,3.804161,31,0
1991-02-01,2.581643,28,0
1991-03-01,2.292581,31,0
1991-04-01,2.764633,30,0
1991-05-01,14.308032,31,0
1991-06-01,30.944667,30,0
1991-07-01,43.516871,31,0
1991-08-01,66.729581,31,0
1991-09-01,94.220467,30,0
1991-10-01,17.466258,31,0
1991-11-01,6.3872,30,0
1991-12-01,6.006613,31,0
1992-01-01,4.368968,31,0
1992-02-01,3.731103,29,0
1992-03-01,2.972516,31,0
1992-04-01,10.0891,30,0
1992-05-01,3.338839,31,0
1992-06-01,4.024767,30,0
1992-07-01,11.754774,31,0
1992-08-01,35.659,31,0
1992-09-01,79.484833,30,0
1992-10-01,40.440226,31,0
1992-11-01,14.263733,30,0
1992-12-01,9.177871,31,0
1993-01-01,10.89071,31,0
1993-02-01,7.605571,28,0
1993-03-01,5.460387,31,0
1993-04-01,6.750833,30,0
1993-05-01,4.987613,31,0
1993-06-01,14.652933,30,0
1993-07-01,13.791194,31,0
1993-08-01,29.232839,31,0
1993-09-01,52.643467,30,0
1993-10-01,12.372056,18,13
1993-11-01,2.905167,30,0
1993-12-01,10.347476,21,10
1994-01-01,13.780129,31,0
1994-02-01,15.56525,28,0
1994-03-01,14.530065,31,0
1994-04-01,17.0356,30,0
1994-05-01,16.399935,31,0
1994-06-01,29.827067,30,0
1994-07-01,23.111742,31,0
1994-08-01,51.993032,31,0
1994-09-01,74.596867,30,0
1994-10-01,60.611419,31,0
1994-11-01,18.9988,30,0
1994-12-01,10.351226,31,0
1995-01-01,14.201871,31,0
1995-02-01,18.388286,28,0
1995-03-01,9.610065,31,0
1995-04-01,14.252133,30,0
1995-05-01,12.574323,31,0
1995-06-01,16.527633,30,0
1995-07-01,27.645323,31,0
1995-08-01,34.03071,31,0
1995-09-01,74.237967,30,0
1995-10-01,32.654355,31,0
1995-11-01,14.104533,30,0
1995-12-01,8.219677,31,0
1996-01-01,6.072032,31,0
1996-02-01,6.405655,29,0
1996-03-01,25.404645,31,0
1996-04-01,10.306967,30,0
1996-05-01,12.675516,31,0
1996-06-01,22.837233,30,0
1996-07-01,24.488516,31,0
1996-08-01,40.564935,31,0
1996-09-01,77.1493,30,0
1996-10-01,40.341581,31,0
1996-11-01,9.406967,30,0
1996-12-01,5.896516,31,0
1997-01-01,4.950774,31,0
1997-02-01,5.235071,28,0
1997-03-01,5.868129,31,0
1997-04-01,9.096633,30,0
1997-05-01,10.099,31,0
1997-06-01,15.358367,30,0
1997-07-01,22.969452,31,0
1997-08-01,39.425839,31,0
1997-09-01,53.9627,30,0
1997-10-01,33.000323,31,0
1997-11-01,10.561722,18,12
1997-12-01,15.757516,31,0
1998-01-01,23.700387,31,0
1998-02-01,11.121536,28,0
1998-03-01,9.255387,31,0
1998-04-01,7.657767,30,0
1998-05-01,6.365161,31,0
1998-06-01,9.843467,30,0
1998-07-01,26.701871,31,0
1998-08-01,50.613194,31,0
1998-09-01,95.717967,30,0
1998-10-01,85.026833,6,25
1998-11-01,35.045833,30,0
1998-12-01,15.64829,31,0
1999-01-01,13.589316,19,12
1999-02-01,12.6576,5,23
1999-03-01,14.007065,31,0
1999-04-01,17.794,30,0
1999-05-01,24.126806,31,0
1999-06-01,29.092233,30,0
1999-07-01,48.55229,31,0
1999-08-01,72.754548,31,0
1999-09-01,84.8736,30,0
1999-10-01,70.257548,31,0
1999-11-01,46.5913,30,0
1999-12-01,41.669935,31,0
2000-01-01,38.806613,31,0
2000-02-01,,0,29
2000-03-01,,0,31
2000-04-01,24.6124,30,0
2000-05-01,24.815774,31,0
2000-06-01,25.5964,30,0
2000-07-01,32.792968,31,0
2000-08-01,49.882871,31,0
2000-09-01,56.803367,30,0
2000-10-01,58.731452,31,0
2000-11-01,31.006267,30,0
2000-12-01,26.473226,31,0
2001-01-01,29.100742,31,0
2001-02-01,27.397214,28,0
2001-03-01,16.976742,31,0
2001-04-01,15.882967,30,0
2001-05-01,22.053548,31,0
2001-06-01,12.068733,30,0
2001-07-01,23.395032,31,0
2001-08-01,52.169613,31,0
2001-09-01,139.437167,30,0
2001-10-01,135.726419,31,0
2001-11-01,101.886333,30,0
2001-12-01,67.714774,31,0
2002-01-01,26.924129,31,0
2002-02-01,25.286143,28,0
2002-03-01,28.226065,31,0
2002-04-01,20.001267,30,0
2002-05-01,21.862903,31,0
2002-06-01,23.815,30,0
2002-07-01,37.182452,31,0
2002-08-01,46.549774,31,0
2002-09-01,47.961033,30,0
2002-10-01,28.041097,31,0
2002-11-01,21.135433,30,0
2002-12-01,26.972419,31,0
2003-01-01,22.38129,31,0
2003-02-01,26.945,28,0
2003-03-01,28.628935,31,0
2003-04-01,22.436567,30,0
2003-05-01,19.199032,31,0
2003-06-01,22.942833,30,0
2003-07-01,45.159,31,0
2003-08-01,53.571,31,0
2003-09-01,66.348333,30,0
2003-10-01,64.605806,31,0
2003-11-01,62.292533,30,0
2003-12-01,62.653419,31,0
2004-01-01,18.136516,31,0
2004-02-01,13.075517,29,0
2004-03-01,8.489194,31,0
2004-04-01,9.893233,30,0
2004-05-01,23.239323,31,0
2004-06-01,39.779767,30,0
2004-07-01,35.904548,31,0
2004-08-01,50.758839,31,0
2004-09-01,107.218667,30,0
2004-10-01,90.085419,31,0
2004-11-01,45.034267,30,0
2004-12-01,44.256613,31,0
2005-01-01,31.709645,31,0
2005-02-01,24.662036,28,0
2005-03-01,17.863871,31,0
2005-04-01,24.476867,30,0
2005-05-01,25.188484,31,0
2005-06-01,29.2308,30,0
2005-07-01,47.505839,31,0
2005-08-01,65.208516,31,0
2005-09-01,56.2482,30,0
2005-10-01,41.378903,31,0
2005-11-01,23.363067,30,0
2005-12-01,24.343935,31,0
2006-01-01,22.123032,31,0
2006-02-01,14.664893,28,0
2006-03-01,13.953,1,30
2006-04-01,15.119,1,29
